{
	"description": "项目配置文件",
	"packOptions": {
		"ignore": []
	},
	"setting": {
		"urlCheck": false,
		"es6": true,
		"postcss": true,
		"minified": true,
		"newFeature": true,
		"uglifyFileName": false
	},
	"compileType": "miniprogram",
	"libVersion": "2.0.4",
	"appid": "wxb7f08a20c68b7e70",
	"projectname": "%E5%9C%B0%E5%9B%BE%E6%89%93%E5%8D%A11.0.5",
	"debugOptions": {
		"hidedInDevtools": []
	},
	"permission": {
		"scope.userLocation": {
			"desc": "你的位置信息将用于小程序位置接口的效果展示"
		}
	},
	"isGameTourist": false,
	"simulatorType": "wechat",
	"simulatorPluginLibVersion": {},
	"condition": {
		"search": {
			"current": -1,
			"list": []
		},
		"conversation": {
			"current": -1,
			"list": []
		},
		"game": {
			"currentL": -1,
			"list": []
		},
		"miniprogram": {
			"current": -1,
			"list": []
		}
	}
}